{"cameraMode":{"drawMode":0,"name":"Shaded","section":"Shading Mode"},"sceneLighting":false,"audioPlay":false,"sceneViewState":{"showFog":true,"showMaterialUpdate":false,"showSkybox":false,"showFlares":true,"showImageEffects":true,"showParticleSystems":true},"in2DMode":false,"pivot":{"x":0.07640993595123291,"y":1.5126992464065552,"z":0.1347368359565735},"rotation":{"x":-0.019800689071416856,"y":-0.9620154500007629,"z":0.07258722931146622,"w":-0.2625153362751007},"size":6.692209720611572,"orthographic":false}