{"cameraMode":{"drawMode":0,"name":"Shaded","section":"Shading Mode"},"sceneLighting":true,"audioPlay":false,"sceneViewState":{"showFog":true,"showMaterialUpdate":false,"showSkybox":true,"showFlares":true,"showImageEffects":true,"showParticleSystems":true},"in2DMode":false,"pivot":{"x":4.299421310424805,"y":9.435388565063477,"z":-1.5532475709915162},"rotation":{"x":0.06903743743896485,"y":0.8795579671859741,"z":-0.13455446064472199,"w":0.45120200514793398},"size":14.462688446044922,"orthographic":false}